{"constants": {"WORKSTATION_JSON": "WorkstationsMid.json", "EVOLUTION_CYCLES": 100, "FIELD_SIZE": 30, "POPULATION_SIZE": 50, "SELECTION_FACTOR": 0.2, "MUTATION_FACTOR": 0.4, "RECOMBINATION_FACTOR": 0.4, "DIVERGENCE_COMPARISON_COUNT": 3, "COEVOLUTION_ON": true, "PRODUCTS_PER_LIST": 10, "PRODUCTS_PATH_LENGTH": 7, "LISTS_PER_GENERATION": 5, "PRODUCTS_SELECTION_FACTOR": 0.2, "PRODUCTS_MUTATION_FACTOR": 0.4, "PRODUCTS_RECOMBINATION_FACTOR": 0.4}, "factorySetting": [["A", 7, 0], ["B", 18, 9], ["C", 9, 4], ["D", 0, 14], ["D", 13, 8], ["E", 12, 8], ["F", 9, 7], ["G", 4, 0]], "plotData": [163, 156, 163, 116, 117, 166, 167, 159, 157, 112, 97, 96, 85, 93, 94, 83, 97, 110, 168, 175, 160, 156, 154, 110, 110, 96, 111, 112, 114, 88, 87, 97, 97, 111, 153, 154, 165, 146, 147, 145, 148, 105, 146, 148, 148, 106, 109, 156, 159, 114, 97, 110, 93, 106, 93, 93, 106, 159, 114, 98, 88, 66, 72, 54, 54, 53, 53, 56, 49, 56, 52, 49, 41, 41, 41, 41, 41, 34, 35, 35, 31, 33, 36, 40, 33, 40, 49, 41, 35, 32, 32, 32, 32, 30, 29, 26, 24, 25, 22, 22, 22], "plotDiversity": [0.2486111111111111, 0.3402777777777778, 0.2972222222222222, 0.2659722222222222, 0.32083333333333336, 0.2916666666666667, 0.2326388888888889, 0.27361111111111114, 0.1451388888888889, 0.21041666666666667, 0.1486111111111111, 0.15277777777777776, 0.14583333333333334, 0.10833333333333334, 0.16875, 0.14166666666666666, 0.12708333333333333, 0.24375, 0.20625, 0.15347222222222223, 0.11805555555555555, 0.18472222222222223, 0.14791666666666667, 0.11111111111111112, 0.2, 0.09027777777777778, 0.1638888888888889, 0.24930555555555556, 0.15972222222222224, 0.11388888888888889, 0.15972222222222224, 0.12569444444444444, 0.07152777777777779, 0.13680555555555557, 0.051388888888888894, 0.08055555555555555, 0.21041666666666667, 0.13958333333333334, 0.15833333333333333, 0.11388888888888889, 0.1548611111111111, 0.13541666666666666, 0.13194444444444445, 0.12083333333333333, 0.10902777777777778, 0.18819444444444444, 0.11944444444444445, 0.16041666666666668, 0.09444444444444446, 0.14652777777777776, 0.12569444444444444, 0.06458333333333334, 0.17847222222222223, 0.08541666666666667, 0.12291666666666666, 0.06597222222222222, 0.09722222222222222, 0.1486111111111111, 0.1513888888888889, 0.19583333333333333, 0.09652777777777778, 0.1423611111111111, 0.11458333333333333, 0.09166666666666666, 0.07222222222222222, 0.09236111111111112, 0.10416666666666667, 0.08125, 0.10625, 0.09444444444444446, 0.1326388888888889, 0.05625, 0.11597222222222221, 0.04097222222222222, 0.12291666666666666, 0.07638888888888888, 0.07083333333333333, 0.06875, 0.04861111111111111, 0.2694444444444445, 0.06736111111111112, 0.05694444444444444, 0.08472222222222221, 0.125, 0.07430555555555556, 0.04444444444444444, 0.15555555555555556, 0.051388888888888894, 0.05694444444444444, 0.07222222222222222, 0.051388888888888894, 0.09375, 0.0125, 0.03125, 0.03680555555555556, 0.041666666666666664, 0.03680555555555556, 0.04722222222222223, 0.02847222222222222, 0.0375]}