{"constants": {"WORKSTATION_JSON": "WorkstationsMid.json", "EVOLUTION_CYCLES": 100, "FIELD_SIZE": 30, "POPULATION_SIZE": 20, "SELECTION_FACTOR": 0.2, "MUTATION_FACTOR": 0.4, "RECOMBINATION_FACTOR": 0.4, "DIVERGENCE_COMPARISON_COUNT": 3, "COEVOLUTION_ON": false, "PRODUCTS_PER_LIST": 10, "PRODUCTS_PATH_LENGTH": 5, "LISTS_PER_GENERATION": 1, "PRODUCTS_SELECTION_FACTOR": 0.2, "PRODUCTS_MUTATION_FACTOR": 0, "PRODUCTS_RECOMBINATION_FACTOR": 0.1}, "factorySetting": [["A", 19, 9], ["B", 0, 1], ["C", 5, 4], ["D", 0, 2], ["D", 17, 22], ["E", 10, 10], ["F", 6, 3], ["G", 10, 6]], "plotData": [118, 118, 118, 118, 117, 115, 114, 114, 114, 114, 112, 112, 112, 112, 112, 110, 108, 108, 108, 108, 108, 108, 108, 108, 106, 102, 101, 101, 101, 101, 101, 101, 101, 101, 99, 99, 99, 99, 99, 99, 99, 99, 98, 98, 98, 98, 98, 98, 98, 97, 97, 97, 97, 97, 97, 97, 97, 97, 97, 97, 97, 97, 97, 97, 97, 97, 97, 96, 96, 96, 96, 96, 96, 96, 96, 96, 95, 95, 95, 95, 95, 95, 95, 95, 95, 95, 95, 95, 95, 95, 95, 95, 95, 95, 95, 95, 95, 95, 95, 95, 95], "plotDiversity": [0.2833333333333333, 0.2076388888888889, 0.14583333333333334, 0.12569444444444444, 0.2777777777777778, 0.21180555555555555, 0.2173611111111111, 0.22222222222222224, 0.22291666666666668, 0.07013888888888889, 0.28194444444444444, 0.25069444444444444, 0.10625, 0.06180555555555556, 0.07222222222222222, 0.18819444444444444, 0.11041666666666666, 0.17708333333333334, 0.19097222222222224, 0.02638888888888889, 0.08888888888888888, 0.06527777777777778, 0.08819444444444445, 0.058333333333333334, 0.20694444444444443, 0.10694444444444445, 0.06111111111111111, 0.11944444444444445, 0.059722222222222225, 0.059027777777777776, 0.015277777777777777, 0.018055555555555554, 0.029861111111111113, 0.017361111111111112, 0.042361111111111106, 0.05625, 0.05277777777777778, 0.016666666666666666, 0.024305555555555556, 0.0006944444444444444, 0.0020833333333333333, 0.0, 0.059722222222222225, 0.03125, 0.025694444444444447, 0.029166666666666667, 0.020138888888888887, 0.022916666666666665, 0.01111111111111111, 0.04097222222222222, 0.04375, 0.024305555555555556, 0.03611111111111111, 0.035416666666666666, 0.03125, 0.02777777777777778, 0.009722222222222222, 0.0, 0.04375, 0.02777777777777778, 0.0027777777777777775, 0.015972222222222224, 0.009722222222222222, 0.043055555555555555, 0.005555555555555555, 0.024305555555555556, 0.007638888888888889, 0.08055555555555555, 0.020138888888888887, 0.013194444444444444, 0.041666666666666664, 0.02638888888888889, 0.018055555555555554, 0.04861111111111111, 0.015277777777777777, 0.009722222222222222, 0.043055555555555555, 0.024305555555555556, 0.030555555555555555, 0.016666666666666666, 0.03263888888888889, 0.01875, 0.007638888888888889, 0.008333333333333333, 0.0034722222222222225, 0.004166666666666667, 0.004861111111111111, 0.00625, 0.01875, 0.004861111111111111, 0.016666666666666666, 0.009722222222222222, 0.011805555555555557, 0.006944444444444445, 0.004166666666666667, 0.013194444444444444, 0.0125, 0.004166666666666667, 0.0027777777777777775, 0.004861111111111111]}