{"constants": {"WORKSTATION_JSON": "Workstations075.json", "EVOLUTION_CYCLES": 10, "FIELD_SIZE": 30, "POPULATION_SIZE": 50, "SELECTION_FACTOR": 0.2, "MUTATION_FACTOR": 0.4, "RECOMBINATION_FACTOR": 0.4, "DIVERGENCE_COMPARISON_COUNT": 3, "COEVOLUTION_ON": true, "PRODUCTS_PER_LIST": 10, "PRODUCTS_PATH_LENGTH": 7, "LISTS_PER_GENERATION": 5, "PRODUCTS_SELECTION_FACTOR": 0.5, "PRODUCTS_MUTATION_FACTOR": 0.4, "PRODUCTS_RECOMBINATION_FACTOR": 0.4}, "factorySetting": [["A", 7, 6], ["B", 19, 20], ["C", 10, 17], ["D", 7, 5], ["D", 21, 23], ["E", 22, 13], ["F", 2, 12], ["G", 22, 18], ["H", 18, 14], ["I", 23, 19], ["J", 7, 2], ["J", 10, 10], ["K", 1, 14], ["K", 13, 29]], "plotData": [142, 146, 142, 146, 138, 132, 130, 133, 135, 137, 137], "plotDiversity": [0.3178571428571429, 0.2785714285714286, 0.24603174603174602, 0.2563492063492064, 0.17777777777777778, 0.2523809523809524, 0.25357142857142856, 0.1738095238095238, 0.16984126984126985, 0.09603174603174604]}