{"constants": {"WORKSTATION_JSON": "WorkstationsMid.json", "EVOLUTION_CYCLES": 100, "FIELD_SIZE": 30, "POPULATION_SIZE": 20, "SELECTION_FACTOR": 0.2, "MUTATION_FACTOR": 0.4, "RECOMBINATION_FACTOR": 0.4, "DIVERGENCE_COMPARISON_COUNT": 3, "COEVOLUTION_ON": false, "PRODUCTS_PER_LIST": 10, "PRODUCTS_PATH_LENGTH": 5, "LISTS_PER_GENERATION": 1, "PRODUCTS_SELECTION_FACTOR": 0.2, "PRODUCTS_MUTATION_FACTOR": 0, "PRODUCTS_RECOMBINATION_FACTOR": 0.1}, "factorySetting": [["A", 2, 3], ["B", 0, 3], ["C", 5, 0], ["D", 3, 13], ["D", 5, 12], ["E", 6, 7], ["F", 9, 15], ["G", 3, 5]], "plotData": [124, 101, 101, 100, 100, 100, 100, 100, 100, 100, 100, 96, 96, 89, 89, 88, 88, 88, 88, 88, 78, 76, 76, 76, 76, 76, 76, 76, 76, 76, 76, 76, 76, 76, 76, 76, 76, 76, 76, 76, 76, 76, 76, 76, 76, 76, 76, 76, 76, 76, 76, 76, 76, 75, 75, 72, 72, 72, 72, 70, 70, 70, 70, 70, 70, 69, 69, 69, 67, 67, 66, 66, 66, 66, 66, 66, 66, 66, 66, 66, 66, 66, 66, 66, 66, 65, 65, 65, 64, 64, 64, 61, 61, 61, 61, 61, 61, 61, 61, 61, 61], "plotDiversity": [0.24097222222222223, 0.28888888888888886, 0.3, 0.30833333333333335, 0.09791666666666667, 0.18472222222222223, 0.14791666666666667, 0.08402777777777778, 0.18194444444444444, 0.029166666666666667, 0.03680555555555556, 0.16458333333333333, 0.20416666666666666, 0.19166666666666668, 0.15069444444444444, 0.14097222222222222, 0.15694444444444444, 0.10347222222222222, 0.14305555555555557, 0.09097222222222222, 0.18680555555555556, 0.13055555555555556, 0.17569444444444443, 0.07986111111111112, 0.12222222222222222, 0.12916666666666668, 0.03194444444444445, 0.0638888888888889, 0.025, 0.059722222222222225, 0.005555555555555555, 0.025, 0.03819444444444444, 0.07222222222222222, 0.07083333333333333, 0.09652777777777778, 0.10902777777777778, 0.08263888888888889, 0.08958333333333333, 0.08680555555555555, 0.10347222222222222, 0.06944444444444445, 0.0875, 0.10277777777777779, 0.09097222222222222, 0.09375, 0.09652777777777778, 0.12569444444444444, 0.10416666666666667, 0.09305555555555554, 0.06041666666666667, 0.06527777777777778, 0.06666666666666667, 0.08541666666666667, 0.05694444444444444, 0.020833333333333332, 0.05625, 0.020138888888888887, 0.0027777777777777775, 0.059722222222222225, 0.034027777777777775, 0.008333333333333333, 0.11458333333333333, 0.06666666666666667, 0.04375, 0.01388888888888889, 0.05486111111111111, 0.03263888888888889, 0.0625, 0.052083333333333336, 0.0375, 0.09444444444444446, 0.03819444444444444, 0.08611111111111111, 0.04861111111111111, 0.03819444444444444, 0.03194444444444445, 0.0375, 0.03611111111111111, 0.04930555555555556, 0.07083333333333333, 0.01111111111111111, 0.04722222222222223, 0.034722222222222224, 0.027083333333333334, 0.10486111111111111, 0.06527777777777778, 0.03958333333333333, 0.06666666666666667, 0.030555555555555555, 0.025, 0.1277777777777778, 0.06458333333333334, 0.03611111111111111, 0.04861111111111111, 0.05416666666666667, 0.07430555555555556, 0.058333333333333334, 0.05347222222222223, 0.042361111111111106]}