{"constants": {"WORKSTATION_JSON": "WorkstationsMid.json", "EVOLUTION_CYCLES": 250, "FIELD_SIZE": 30, "POPULATION_SIZE": 20, "SELECTION_FACTOR": 0.2, "MUTATION_FACTOR": 0.4, "RECOMBINATION_FACTOR": 0.4, "DIVERGENCE_COMPARISON_COUNT": 3, "COEVOLUTION_ON": false, "PRODUCTS_PER_LIST": 10, "PRODUCTS_PATH_LENGTH": 5, "LISTS_PER_GENERATION": 1, "PRODUCTS_SELECTION_FACTOR": 0.2, "PRODUCTS_MUTATION_FACTOR": 0, "PRODUCTS_RECOMBINATION_FACTOR": 0.1}, "factorySetting": [["A", 4, 6], ["B", 0, 3], ["C", 1, 5], ["D", 19, 2], ["D", 3, 13], ["E", 9, 9], ["F", 5, 13], ["G", 7, 7]], "plotData": [113, 104, 104, 104, 92, 92, 92, 86, 86, 86, 86, 86, 86, 86, 86, 85, 85, 85, 85, 85, 85, 85, 85, 85, 85, 85, 85, 85, 85, 85, 84, 83, 83, 81, 81, 81, 81, 81, 81, 81, 80, 80, 80, 80, 80, 79, 79, 79, 79, 79, 79, 79, 79, 79, 79, 78, 77, 77, 77, 77, 77, 76, 76, 76, 75, 75, 75, 75, 75, 75, 74, 74, 74, 74, 74, 73, 73, 73, 73, 73, 73, 73, 73, 73, 73, 73, 73, 73, 72, 72, 72, 72, 72, 71, 71, 71, 71, 71, 71, 71, 71, 71, 71, 71, 70, 70, 70, 70, 70, 70, 70, 70, 70, 70, 70, 70, 70, 70, 70, 70, 70, 70, 70, 70, 70, 70, 70, 70, 70, 70, 70, 70, 70, 70, 70, 70, 70, 70, 70, 70, 69, 69, 69, 69, 69, 69, 68, 68, 68, 68, 68, 68, 68, 68, 68, 68, 68, 68, 68, 68, 68, 68, 68, 68, 68, 67, 67, 67, 67, 67, 67, 67, 66, 66, 66, 66, 66, 66, 66, 65, 65, 65, 65, 65, 65, 65, 65, 65, 65, 65, 65, 65, 65, 64, 64, 64, 64, 64, 64, 64, 64, 64, 64, 64, 64, 64, 64, 64, 64, 64, 64, 64, 64, 64, 63, 63, 63, 63, 63, 63, 63, 63, 63, 63, 63, 63, 63, 63, 63, 63, 63, 63, 63, 63, 63, 63, 63, 63, 63, 63, 63, 63, 63, 63, 63, 63, 63, 63, 63, 63, 63], "plotDiversity": [0.2909722222222222, 0.2826388888888889, 0.20833333333333334, 0.15208333333333332, 0.2451388888888889, 0.24652777777777776, 0.2638888888888889, 0.3152777777777778, 0.2520833333333333, 0.14791666666666667, 0.20069444444444443, 0.1423611111111111, 0.14930555555555555, 0.08055555555555555, 0.07638888888888888, 0.2361111111111111, 0.24375, 0.03819444444444444, 0.07083333333333333, 0.09583333333333334, 0.022916666666666665, 0.04791666666666667, 0.059027777777777776, 0.05625, 0.0027777777777777775, 0.034722222222222224, 0.04583333333333333, 0.10347222222222222, 0.058333333333333334, 0.06041666666666667, 0.11736111111111111, 0.1611111111111111, 0.07986111111111112, 0.1, 0.08194444444444444, 0.0875, 0.13402777777777777, 0.07222222222222222, 0.06944444444444445, 0.04027777777777777, 0.08055555555555555, 0.03958333333333333, 0.059027777777777776, 0.05625, 0.029166666666666667, 0.020138888888888887, 0.03888888888888889, 0.05277777777777778, 0.03333333333333333, 0.03194444444444445, 0.020833333333333332, 0.020833333333333332, 0.024305555555555556, 0.02777777777777778, 0.029861111111111113, 0.023611111111111114, 0.08055555555555555, 0.04722222222222223, 0.05, 0.020833333333333332, 0.03263888888888889, 0.08333333333333333, 0.12430555555555554, 0.05416666666666667, 0.05486111111111111, 0.08402777777777778, 0.05694444444444444, 0.04097222222222222, 0.05347222222222223, 0.04097222222222222, 0.051388888888888894, 0.03263888888888889, 0.06736111111111112, 0.05763888888888889, 0.03819444444444444, 0.15416666666666667, 0.03958333333333333, 0.035416666666666666, 0.02847222222222222, 0.008333333333333333, 0.01388888888888889, 0.024305555555555556, 0.016666666666666666, 0.015972222222222224, 0.02638888888888889, 0.07013888888888889, 0.08263888888888889, 0.01111111111111111, 0.07777777777777778, 0.04791666666666667, 0.015277777777777777, 0.007638888888888889, 0.017361111111111112, 0.11944444444444445, 0.02222222222222222, 0.02638888888888889, 0.04930555555555556, 0.05763888888888889, 0.025694444444444447, 0.11875, 0.04097222222222222, 0.013194444444444444, 0.027083333333333334, 0.08263888888888889, 0.06666666666666667, 0.08402777777777778, 0.02638888888888889, 0.05416666666666667, 0.021527777777777778, 0.02777777777777778, 0.03333333333333333, 0.008333333333333333, 0.005555555555555555, 0.04791666666666667, 0.02847222222222222, 0.04097222222222222, 0.06458333333333334, 0.024305555555555556, 0.05763888888888889, 0.03194444444444445, 0.03888888888888889, 0.04513888888888889, 0.015277777777777777, 0.024305555555555556, 0.0034722222222222225, 0.011805555555555557, 0.03958333333333333, 0.007638888888888889, 0.0027777777777777775, 0.01111111111111111, 0.01875, 0.011805555555555557, 0.06180555555555556, 0.010416666666666666, 0.018055555555555554, 0.011805555555555557, 0.019444444444444445, 0.009722222222222222, 0.024305555555555556, 0.019444444444444445, 0.07152777777777779, 0.024305555555555556, 0.051388888888888894, 0.024305555555555556, 0.07777777777777778, 0.07013888888888889, 0.15625, 0.06736111111111112, 0.10138888888888889, 0.020833333333333332, 0.020833333333333332, 0.020138888888888887, 0.020833333333333332, 0.0375, 0.0027777777777777775, 0.0020833333333333333, 0.01388888888888889, 0.029166666666666667, 0.009027777777777777, 0.016666666666666666, 0.018055555555555554, 0.027083333333333334, 0.06111111111111111, 0.035416666666666666, 0.06805555555555555, 0.08472222222222221, 0.04583333333333333, 0.04652777777777777, 0.08541666666666667, 0.02847222222222222, 0.0013888888888888887, 0.05694444444444444, 0.1423611111111111, 0.08958333333333333, 0.025694444444444447, 0.11319444444444444, 0.07777777777777778, 0.011805555555555557, 0.075, 0.08263888888888889, 0.015277777777777777, 0.051388888888888894, 0.019444444444444445, 0.06736111111111112, 0.07361111111111111, 0.06666666666666667, 0.01388888888888889, 0.06111111111111111, 0.0375, 0.03888888888888889, 0.05694444444444444, 0.020833333333333332, 0.058333333333333334, 0.13194444444444445, 0.04027777777777777, 0.07916666666666666, 0.016666666666666666, 0.0638888888888889, 0.007638888888888889, 0.043055555555555555, 0.07430555555555556, 0.01388888888888889, 0.06597222222222222, 0.059722222222222225, 0.022916666666666665, 0.06041666666666667, 0.03958333333333333, 0.052083333333333336, 0.10972222222222222, 0.08333333333333333, 0.10833333333333334, 0.05625, 0.06805555555555555, 0.03333333333333333, 0.058333333333333334, 0.07708333333333334, 0.05555555555555556, 0.023611111111111114, 0.018055555555555554, 0.0125, 0.03888888888888889, 0.01111111111111111, 0.0, 0.013194444444444444, 0.021527777777777778, 0.06041666666666667, 0.020138888888888887, 0.02638888888888889, 0.03333333333333333, 0.06180555555555556, 0.03958333333333333, 0.015972222222222224, 0.09166666666666666, 0.06944444444444445, 0.014583333333333334, 0.09097222222222222, 0.05625, 0.011805555555555557, 0.08819444444444445, 0.04791666666666667, 0.10625, 0.08194444444444444, 0.08125, 0.05416666666666667, 0.03194444444444445, 0.058333333333333334, 0.04722222222222223, 0.04375, 0.03680555555555556, 0.09722222222222222]}