{"constants": {"WORKSTATION_JSON": "WorkstationsMid.json", "EVOLUTION_CYCLES": 10, "FIELD_SIZE": 30, "POPULATION_SIZE": 20, "SELECTION_FACTOR": 0.2, "MUTATION_FACTOR": 0.4, "RECOMBINATION_FACTOR": 0.4, "DIVERGENCE_COMPARISON_COUNT": 3, "COEVOLUTION_ON": false, "PRODUCTS_PER_LIST": 10, "PRODUCTS_PATH_LENGTH": 5, "LISTS_PER_GENERATION": 1, "PRODUCTS_SELECTION_FACTOR": 0.2, "PRODUCTS_MUTATION_FACTOR": 0, "PRODUCTS_RECOMBINATION_FACTOR": 0.1}, "factorySetting": [["A", 12, 13], ["B", 20, 6], ["C", 11, 8], ["D", 4, 23], ["D", 13, 23], ["E", 18, 18], ["F", 21, 15], ["G", 9, 7]], "plotData": [133, 133, 133, 126, 126, 125, 123, 123, 123, 116, 116], "plotDiversity": [0.35208333333333336, 0.2986111111111111, 0.24305555555555555, 0.15694444444444444, 0.06944444444444445, 0.2652777777777778, 0.15347222222222223, 0.27361111111111114, 0.22569444444444445, 0.16527777777777777]}