{"constants": {"WORKSTATION_JSON": "WorkstationsMid.json", "EVOLUTION_CYCLES": 10, "FIELD_SIZE": 30, "POPULATION_SIZE": 20, "SELECTION_FACTOR": 0.2, "MUTATION_FACTOR": 0.4, "RECOMBINATION_FACTOR": 0.4, "DIVERGENCE_COMPARISON_COUNT": 3, "COEVOLUTION_ON": false, "PRODUCTS_PER_LIST": 10, "PRODUCTS_PATH_LENGTH": 5, "LISTS_PER_GENERATION": 1, "PRODUCTS_SELECTION_FACTOR": 0.2, "PRODUCTS_MUTATION_FACTOR": 0, "PRODUCTS_RECOMBINATION_FACTOR": 0.1}, "factorySetting": [["A", 13, 14], ["B", 8, 16], ["C", 13, 26], ["D", 9, 17], ["D", 17, 29], ["E", 15, 21], ["F", 4, 14], ["G", 0, 29]], "plotData": [99, 99, 99, 95, 90, 90, 90, 83, 83, 83, 83], "plotDiversity": [0.3020833333333333, 0.30694444444444446, 0.18333333333333332, 0.27361111111111114, 0.18541666666666667, 0.15972222222222224, 0.14027777777777778, 0.22152777777777777, 0.10277777777777779, 0.08680555555555555]}